City,Cloudiness,Country,Date,Humidity,Latitude,Longitude,Max Temperature,Wind Speed
vanimo,80,pg,1522636296,100,-2.337525881945794,140.9546312186007,299.227,4.1
san cristobal,92,ec,1522636296,100,-12.735963002125473,-92.46229134090271,288.852,1.05
hailar,0,cn,1522636305,39,47.51081833907716,120.20972932898957,272.602,8.9
rikitea,0,pf,1522635430,100,-63.23474155948145,-125.6024057616909,299.477,3.0
ribeira grande,92,pt,1522635427,98,40.23591310707573,-40.561389266481456,290.077,7.4
ribeira grande,92,pt,1522635427,98,47.14653006002749,-37.52453147838597,290.077,7.4
ugoofaaru,88,mv,1522636306,100,5.4055487387095695,65.96497922926855,301.652,2.55
nikolskoye,90,ru,1522632600,90,47.834034252822306,166.35543401761686,273.15,7.0
kaitong,92,cn,1522636298,41,44.85876314250555,123.27872024188758,284.352,6.7
otradnoye,90,ru,1522634400,90,45.50798046661086,145.09827081155964,273.15,8.0
atuona,32,pf,1522635420,100,1.9986109458367594,-147.48725125753492,300.827,6.05
cape town,0,za,1522630800,77,-78.84414804180055,-14.612094126077807,292.15,4.1
constitucion,40,mx,1522633200,12,20.890230175189032,-118.01377590934644,295.15,7.7
kapaa,40,us,1522630560,83,29.773273595458747,-178.07804733183414,299.15,3.6
busselton,0,au,1522635310,95,-54.91940788370978,104.96606893638011,294.027,6.5
busselton,0,au,1522635310,95,-89.60457269691074,81.55187942545604,294.027,6.5
port moresby,20,pg,1522630800,62,-10.85060912218647,146.3282554924756,305.15,4.6
saldanha,88,za,1522630800,88,-35.816847511391074,11.023240235164224,290.15,3.1
husavik,90,is,1522634400,92,66.48488531075213,-15.333489026467902,271.15,2.6
coahuayana,12,mx,1522635496,57,5.811276787538489,-110.69215225188736,294.727,0.9
port alfred,44,za,1522635408,89,-66.32665882661225,39.72280464845855,295.327,6.4
ushuaia,75,ar,1522630800,87,-83.54033002636197,-71.87363338129803,280.15,5.7
norman wells,90,ca,1522634400,85,83.80819674262932,-117.5990224482666,268.15,8.7
ushuaia,75,ar,1522630800,87,-81.74931266803549,-79.22685803946767,280.15,5.7
palmer,1,us,1522634160,48,62.20581336231248,-149.05649147855306,281.15,2.1
bredasdorp,68,za,1522630800,87,-78.55668540111282,20.444106076722534,289.15,1.5
rikitea,0,pf,1522635430,100,-46.99884412232354,-122.35085316713948,299.477,3.0
cherskiy,0,ru,1522635643,74,76.03100408076236,159.15510105758057,272.527,3.55
ushuaia,75,ar,1522630800,87,-88.033477824515,-70.87386603767497,280.15,5.7
mar del plata,0,ar,1522635414,72,-64.3412949416014,-28.956781324187517,285.652,3.0
cap malheureux,75,mu,1522634400,83,-18.077584517045352,56.41491141846569,300.15,5.1
ushuaia,75,ar,1522630800,87,-60.911288315538265,-71.85057799672951,280.15,5.7
bambous virieux,40,mu,1522630800,83,-29.802113544642346,72.80442984309346,300.15,3.1
livingston,90,us,1522635600,100,45.11719169295404,-110.35061632328328,277.15,2.1
antigonish,20,ca,1522634400,86,45.38352913648265,-62.13595842641625,278.15,5.7
hilo,75,us,1522630380,65,14.754299976317924,-154.98254091761336,300.15,6.7
saint-augustin,40,ca,1522634400,46,57.080876782786845,-61.21026671062822,273.15,1.5
vaini,90,to,1522634400,94,-85.28500941906104,-172.67320024352276,299.15,2.6
tasiilaq,76,gl,1522630200,62,57.45538053442806,-31.884186328509514,268.15,7.2
chitral,88,pk,1522635771,93,36.20059018515883,72.35418930171022,271.077,0.4
albany,0,au,1522635418,74,-89.96728071084553,111.48028187689778,293.477,5.05
vaini,90,to,1522634400,94,-25.172936147802616,-176.70983941460253,299.15,2.6
mosquera,75,co,1522634400,87,3.581766494273893,-79.20265968252556,287.15,2.1
lebu,0,cl,1522635409,93,-33.067722267799134,-99.49719490349365,287.727,7.45
carnarvon,0,au,1522635229,78,-22.1493438216946,114.24128565040616,302.152,2.75
grand gaube,75,mu,1522634400,83,-11.938612674403046,61.90974650254796,300.15,5.1
punta arenas,90,cl,1522630800,87,-70.3148461412346,-100.58561484476087,283.15,3.1
arraial do cabo,48,br,1522635569,84,-55.903363284401166,-18.77653548624508,298.652,8.95
buraydah,75,sa,1522634400,100,26.1903286161738,45.59047301739196,290.15,3.6
punta arenas,90,cl,1522630800,87,-69.06223164315256,-108.26016086576907,283.15,3.1
ushuaia,75,ar,1522630800,87,-56.235750451328244,-60.813198779130076,280.15,5.7
tuktoyaktuk,90,ca,1522634400,78,85.87302881941721,-130.30749294566604,261.15,8.2
hithadhoo,88,mv,1522635376,98,-16.114769198989435,82.10320182100509,303.027,3.6
ulladulla,0,au,1522630800,69,-39.2645690217681,155.5498880297689,296.15,3.6
coquimbo,90,cl,1522634400,82,-29.66631845841558,-72.2886548727491,287.15,1.0
albany,0,au,1522635418,74,-81.69533327097925,113.38179591156512,293.477,5.05
puerto ayora,36,ec,1522635402,97,-1.042143276600953,-100.79425603196452,298.327,3.4
ushuaia,75,ar,1522630800,87,-89.71589526398871,-22.977269373476247,280.15,5.7
chapais,90,ca,1522634400,84,50.87430189974609,-75.69527694933348,258.15,1.0
arraial do cabo,48,br,1522635569,84,-41.30531537267341,-32.56148890017204,298.652,8.95
kropotkin,24,ru,1522636316,93,57.787220074401716,116.01881828887156,279.027,4.3
avarua,75,ck,1522634400,78,-40.711177625829706,-165.81899076659943,301.15,3.6
tessalit,20,ml,1522636309,28,23.252705256858277,0.142883438888731,293.552,2.1
nyaunglebin,8,mm,1522636309,73,18.309368037591568,96.78478928924778,301.327,1.75
muros,75,es,1522634400,100,44.55413787902327,-16.65980483736425,282.15,4.6
bilibino,8,ru,1522636318,71,65.96854484540268,166.60733493201514,275.402,2.5
baffa,80,pk,1522636310,96,34.2555205438771,73.04070320432925,287.577,1.0
tabuk,0,sa,1522634400,59,29.51855903872395,37.55802590379818,290.15,2.1
peleduy,68,ru,1522635819,60,60.832023349616776,113.42177753528932,267.227,3.3
ojinaga,92,mx,1522636311,16,30.202878796161144,-104.56500627346297,293.677,1.2
bronnoysund,40,no,1522633800,100,65.55960979584373,11.978589242837728,272.15,2.6
hilo,75,us,1522630380,65,11.553370189549554,-155.72531379335965,300.15,6.7
cabo san lucas,20,mx,1522630020,21,15.95150123281232,-120.34271440721668,302.15,4.6
bredasdorp,68,za,1522630800,87,-85.64047250987208,15.866532152278467,289.15,1.5
kodiak,1,us,1522630380,92,50.000847290724465,-149.88200138935065,267.15,2.6
den helder,90,nl,1522634100,100,53.24327774718557,3.2850121698479597,278.15,2.1
san carlos de bariloche,0,ar,1522634400,50,-40.741401470171105,-71.76688034508852,284.15,2.6
castro,0,cl,1522635456,97,-42.392060075060904,-80.82185347817227,280.852,1.75
koslan,0,ru,1522636320,69,64.26972674156045,50.002028035915345,260.777,1.15
norrtalje,0,se,1522633800,74,61.108913725081266,18.76819848238091,272.15,4.6
bredasdorp,68,za,1522630800,87,-38.99545674663962,20.164082287153974,289.15,1.5
new norfolk,0,au,1522634400,34,-60.50617844017019,139.22860296621246,292.15,6.2
norman wells,90,ca,1522634400,85,79.55761479807632,-120.16514132993166,268.15,8.7
ribeira grande,92,pt,1522635427,98,27.49754534691897,-41.54748050345901,290.077,7.4
bilma,0,ne,1522636322,40,19.157452040956287,12.887914616409233,287.177,1.25
cabo san lucas,20,mx,1522630020,21,11.037141109687681,-117.2397604391568,302.15,4.6
avarua,75,ck,1522634400,78,-23.418398684025377,-162.37099006067353,301.15,3.6
thompson,20,ca,1522634400,48,61.39541342244945,-91.86001425891597,251.15,2.1
vanimo,80,pg,1522636296,100,-3.7675325471870735,140.19469564753518,299.227,4.1
cherskiy,0,ru,1522635643,74,71.33598809684656,158.23228624937906,272.527,3.55
busselton,0,au,1522635310,95,-86.05160459906816,80.50143452846834,294.027,6.5
busselton,0,au,1522635310,95,-55.34610740397087,83.669113970919,294.027,6.5
esperance,0,au,1522635423,69,-39.70484832330512,127.66232629110141,294.677,3.1
punta arenas,90,cl,1522630800,87,-86.98782323296341,-114.95567132399322,283.15,3.1
bredasdorp,68,za,1522630800,87,-85.83509147306283,24.82169013829332,289.15,1.5
lamu,92,ke,1522636315,90,-2.7363745908233454,41.452706223261515,300.727,3.55
puerto ayora,36,ec,1522635402,97,3.5105877039339077,-90.51376588800262,298.327,3.4
busselton,0,au,1522635310,95,-38.95314792599776,87.99562438528551,294.027,6.5
noumea,0,nc,1522634400,70,-28.787066207572202,164.20454338456267,302.15,7.7
cabo san lucas,20,mx,1522630020,21,8.207017496815084,-117.27400459720323,302.15,4.6
kavaratti,36,in,1522636312,100,10.831987610452785,68.72776858062298,301.927,0.75
nikolskoye,90,ru,1522632600,90,48.13124638306351,172.79688937030346,273.15,7.0
berlevag,12,no,1522636317,100,88.41337529400906,34.175473195248344,263.702,1.5
albany,0,au,1522635418,74,-34.27026238259832,119.37752803382176,293.477,5.05
ried,75,at,1522633800,80,48.32455735901266,13.579953729370942,277.15,2.1
rikitea,0,pf,1522635430,100,-21.859626761671763,-141.78468614847685,299.477,3.0
victoria,80,sc,1522630800,78,-0.4925624059920892,53.95971851525226,301.15,1.5
bethel,1,us,1522633980,64,42.96480790771159,-166.34620786605808,275.15,9.3
karratha,24,au,1522636319,32,-19.342583099609456,114.08295475969442,309.552,2.1
georgetown,12,sh,1522635447,100,-0.8173873893076262,-16.603469000934666,299.677,5.25
hermanus,0,za,1522635402,91,-70.97960526996039,-1.403988078496866,285.052,0.8
atuona,32,pf,1522635420,100,-10.138956567919578,-121.11932881639865,300.827,6.05
victoria,80,sc,1522630800,78,-8.063173838557077,52.9616244701684,301.15,1.5
tanout,0,ne,1522636328,25,14.496512726935904,8.601629842210485,290.227,2.35
chaman,64,pk,1522636321,39,31.66752461454726,66.68712330957965,289.277,2.05
puerto ayora,36,ec,1522635402,97,-10.125820033933309,-93.76390196494864,298.327,3.4
axim,20,gh,1522636329,100,1.7443203809774275,-2.4578706458586908,300.527,4.95
ambilobe,64,mg,1522636321,98,-8.853793546439618,51.15689396969259,293.952,0.85
mvuma,0,zw,1522636330,95,-18.700335797657047,30.54113695085954,286.352,3.75
cheney,75,us,1522634280,70,47.280590972925296,-117.42643812736006,280.15,5.7
rikitea,0,pf,1522635430,100,-31.934515821101826,-126.64435657117124,299.477,3.0
rognan,40,no,1522633800,92,65.3088911112865,16.969330276081735,270.15,5.7
port elizabeth,75,za,1522630800,100,-72.76805237342386,34.12788339008503,293.15,2.6
havoysund,0,no,1522633800,73,72.58456787200831,24.856324874267386,269.15,3.6
impfondo,56,cg,1522636323,100,2.327322486505139,18.85030665488611,294.477,1.85
sawtell,0,au,1522634400,54,-31.47676831680699,156.5052948719386,302.15,6.7
sinnamary,92,gf,1522636191,100,19.799349915829822,-43.47687233567714,298.827,3.45
tuktoyaktuk,90,ca,1522634400,78,87.98271621475305,-143.18753258726264,261.15,8.2
rikitea,0,pf,1522635430,100,-45.69188811710091,-125.17587984961798,299.477,3.0
khatanga,56,ru,1522636324,76,86.52911890057274,102.00464154313829,251.402,5.25
bethel,1,us,1522633980,64,46.58714549485927,-168.1634821362813,275.15,9.3
rikitea,0,pf,1522635430,100,-48.76135461581437,-117.76226567713363,299.477,3.0
busselton,0,au,1522635310,95,-76.66564809428269,80.225059705886,294.027,6.5
port alfred,44,za,1522635408,89,-85.94680828544264,52.05539531596665,295.327,6.4
kapaa,40,us,1522630560,83,36.571927365111605,-175.27427837578995,299.15,3.6
albany,0,au,1522635418,74,-60.3734509546682,106.98636617678022,293.477,5.05
atuona,32,pf,1522635420,100,-1.764823754602162,-125.27727155735954,300.827,6.05
hobart,0,au,1522634400,34,-71.94355159212141,144.18145577313913,292.15,6.2
sitka,24,us,1522635498,55,54.37148068994239,-136.62428461980414,276.527,4.35
ahuimanu,1,us,1522634820,74,31.683231020061214,-153.82903245611658,300.15,2.6
atuona,32,pf,1522635420,100,-6.4976768347164295,-130.36270728335347,300.827,6.05
hirara,20,jp,1522630800,64,20.72248913414282,127.59124010003802,298.15,2.1
ushuaia,75,ar,1522630800,87,-69.12920866648201,-31.06113692287022,280.15,5.7
son la,56,vn,1522636326,83,21.574895404455646,103.68835340120694,295.852,1.05
ushuaia,75,ar,1522630800,87,-56.722549149366614,-61.772774499822205,280.15,5.7
santiago,0,pe,1522636327,94,-14.903518744297813,-76.27498356639714,288.302,1.15
punta arenas,90,cl,1522630800,87,-86.74805999525323,-122.04669071983355,283.15,3.1
cidreira,92,br,1522635512,97,-53.15104731623347,-25.469641261047798,293.827,3.55
avarua,75,ck,1522634400,78,-14.825454504945085,-159.31916345527878,301.15,3.6
vaini,90,to,1522634400,94,-80.00353928268692,-177.23156283155166,299.15,2.6
rovaniemi,0,fi,1522635600,78,67.7956356100722,24.617413084391927,262.15,3.6
altus,1,us,1522634520,60,34.936490256193636,-99.18661767629146,279.15,5.9
nikolskoye,90,ru,1522632600,90,43.02098887795481,177.93151693022907,273.15,7.0
vila velha,75,br,1522634400,83,-24.764972237551973,-31.253582044447114,301.15,2.6
georgetown,12,sh,1522635447,100,-5.903679436913009,-7.626443758043621,299.677,5.25
shingu,20,jp,1522634400,64,27.716869010181853,138.84120383132966,294.15,3.1
geraldton,20,au,1522634400,40,-34.187404920883466,87.57093581314672,303.15,4.1
albany,0,au,1522635418,74,-66.74124745029957,104.68878218229872,293.477,5.05
provideniya,75,ru,1522632600,80,40.75724178512482,-178.18954770166403,274.15,4.0
tessalit,20,ml,1522636309,28,21.201641952433818,3.8055042647622486,293.552,2.1
ushuaia,75,ar,1522630800,87,-85.88659216897584,-23.831656119766848,280.15,5.7
houma,0,cn,1522636329,38,35.39641062605621,111.6363283622727,297.952,1.45
ushuaia,75,ar,1522630800,87,-87.66505020099989,-85.477939696146,280.15,5.7
longyearbyen,8,sj,1522633800,36,77.73252605781784,19.249564221006352,262.15,5.7
east london,24,za,1522635465,99,-36.546793189525815,30.947234255691,297.352,10.6
ushuaia,75,ar,1522630800,87,-85.83085578531487,-60.134618527520544,280.15,5.7
vaini,90,to,1522634400,94,-45.79448034921837,-176.4220755023381,299.15,2.6
salalah,40,om,1522630200,83,15.870791567338912,53.52964938635168,299.15,2.1
saint-philippe,0,re,1522632600,65,-53.84203790562453,71.18223610392246,298.15,3.1
rikitea,0,pf,1522635430,100,-22.364292938828427,-138.13250282490134,299.477,3.0
punta arenas,90,cl,1522630800,87,-56.84096628003417,-72.82828532915129,283.15,3.1
vaini,90,to,1522634400,94,-34.390384723123155,-179.3237206039314,299.15,2.6
kruisfontein,12,za,1522636339,91,-81.70183899103543,28.085312103837083,291.227,2.2
bluff,48,nz,1522635443,83,-84.53743586908166,165.35998603287618,290.602,7.05
rikitea,0,pf,1522635430,100,-21.27829223629601,-127.11035926548271,299.477,3.0
saint george,75,bm,1522634100,88,30.948795865652883,-55.81577811476329,293.15,1.0
cape town,0,za,1522630800,77,-71.86560359335655,-8.725490925539873,292.15,4.1
dubti,0,et,1522636332,41,12.7484601959371,41.42239452185859,290.727,1.3
vaini,90,to,1522634400,94,-79.34021225430766,-179.49089030288005,299.15,2.6
barrow,90,us,1522632900,92,71.61339721135414,-163.46744245933746,271.15,2.1
port alfred,44,za,1522635408,89,-72.71482493240072,47.140112788186826,295.327,6.4
hermanus,0,za,1522635402,91,-57.91022597617825,6.406627854045183,285.052,0.8
saldanha,88,za,1522630800,88,-39.68103188119813,2.5335018479903795,290.15,3.1
severo-kurilsk,64,ru,1522635415,100,33.778408231536716,165.42566435739792,271.577,2.5
pacific grove,1,us,1522634100,58,32.51806045907085,-125.70828843062091,290.15,3.1
ribeira grande,92,pt,1522635427,98,34.99264574814352,-28.364402084875678,290.077,7.4
ilulissat,0,gl,1522630200,50,88.3897141585802,-41.286747220757036,272.15,8.2
albany,0,au,1522635418,74,-64.3937687674244,114.96486570005891,293.477,5.05
challans,0,fr,1522634400,66,46.25948568382998,-2.039424595621,284.15,5.7
victoria,80,sc,1522630800,78,-2.0792632498206984,63.468843819663505,301.15,1.5
vaini,90,to,1522634400,94,-79.53099140312263,-176.63947254737624,299.15,2.6
hobart,0,au,1522634400,34,-64.44113816621388,152.28120753968795,292.15,6.2
ilulissat,0,gl,1522630200,50,72.62012972443787,-45.78516683387221,272.15,8.2
kapaa,40,us,1522630560,83,22.7621880539115,-158.2575925017404,299.15,3.6
clyde river,90,ca,1522634400,84,70.92241425481294,-67.82871306252818,259.15,6.2
kapaa,40,us,1522630560,83,37.34825535519093,-168.44770006011524,299.15,3.6
sterling,90,us,1522634280,54,57.209828966020325,-147.66413561075387,286.15,3.1
severo-kurilsk,64,ru,1522635415,100,42.639986955287526,159.68498704117837,271.577,2.5
sisimiut,8,gl,1522636100,65,65.40528840181679,-56.971550647133654,262.352,1.05
rikitea,0,pf,1522635430,100,-27.940368954722203,-132.8775926345718,299.477,3.0
luderitz,44,na,1522634400,93,-37.4414066985454,-1.0931380869252223,288.15,3.1
jamestown,36,sh,1522635415,100,-23.18717471683412,-4.918926601502221,296.802,7.0
davila,20,ph,1522630800,61,19.681279498716066,120.07409654332241,300.15,1.0
busselton,0,au,1522635310,95,-61.141694511699995,98.65588295392052,294.027,6.5
nikolskoye,90,ru,1522632600,90,45.188375143651825,168.92916607057788,273.15,7.0
hermanus,0,za,1522635402,91,-60.57827483693053,10.092057696371256,285.052,0.8
beringovskiy,0,ru,1522636337,95,62.01499042919389,179.07520289011165,273.302,4.2
san juan,92,ar,1522636337,97,-31.50501079130637,-67.98570328097523,287.327,2.4
mount gambier,92,au,1522635497,74,-40.69014198226347,136.67843772650093,291.227,3.35
jamestown,36,sh,1522635415,100,-36.04671955582961,-8.039319683085637,296.802,7.0
jamestown,36,sh,1522635415,100,-15.13637134375476,-3.497838623721151,296.802,7.0
hamilton,90,bm,1522630500,82,32.39753214893025,-65.37011310888465,293.15,0.5
evensk,92,ru,1522636338,88,61.19953549161005,158.97083671810555,274.077,7.15
sola,88,vu,1522636338,100,-13.449011368031577,171.7795067800468,300.477,4.1
taltal,0,cl,1522636338,96,-26.362439700360426,-75.51479972596395,285.527,0.75
ilorin,0,ng,1522636209,76,8.566929647994954,4.859263182626989,297.427,5.3
rikitea,0,pf,1522635430,100,-22.469015326946405,-123.6713399630189,299.477,3.0
orzhytsya,76,ua,1522636339,96,49.68418139516203,32.54409363211158,280.277,5.4
luena,92,ao,1522636070,97,-13.717631586012487,20.30516113374071,290.827,1.2
kaseda,20,jp,1522634400,52,30.262504776457064,129.35088027257444,293.15,1.5
kununurra,0,au,1522634400,39,-19.131458411892822,127.79719920601906,309.15,2.1
rassvet,0,ru,1522636348,91,56.95449225520079,91.664568671842,271.927,6.0
qaanaaq,76,gl,1522635482,85,81.95786675014347,-73.7684225203478,260.177,0.75
kodiak,1,us,1522630380,92,43.81189986550558,-156.1235980127716,267.15,2.6
brainerd,1,us,1522635300,61,46.825555363649215,-94.4092148170905,266.15,2.1
busselton,0,au,1522635310,95,-73.07306143892603,78.03271773796371,294.027,6.5
beloha,12,mg,1522636067,87,-33.183853254343525,41.257444628605754,296.152,5.1
korla,92,cn,1522636349,89,38.17342990250654,85.43917070942092,279.802,3.35
grand-lahou,44,ci,1522636215,92,2.533255801533869,-4.5773556622402225,298.602,2.45
la ronge,20,ca,1522634400,50,62.94129406124705,-102.98532903224014,259.15,2.1
albany,0,au,1522635418,74,-61.638914999744955,125.24535119994516,293.477,5.05
santa rosa,0,ar,1522635300,93,-36.81419531753407,-66.20619028238512,288.15,2.1
tete,68,mz,1522636343,77,-15.161517777771039,33.55106448841977,296.677,3.65
oistins,20,bb,1522634400,78,11.55503882571152,-56.73357779632164,298.15,5.1
tondano,20,id,1522634400,66,0.2928751956928721,124.64199042145594,303.15,2.1
blagoyevo,0,ru,1522636351,63,65.49125226518382,48.13529787513747,260.677,1.15
port macquarie,0,au,1522634400,54,-32.392155970837145,157.2961639286313,301.15,1.5
mahebourg,40,mu,1522630800,83,-31.408851515460725,70.07169872134668,300.15,3.1
scarborough,92,gb,1522633800,93,55.195487313496585,-0.21646020615096973,277.15,4.1
redlands,90,us,1522634280,42,39.55610073542542,-109.45947549497009,294.15,5.1
flic en flac,75,mu,1522634400,83,-20.072752735925334,57.01635944987848,300.15,5.1
tuktoyaktuk,90,ca,1522634400,78,81.76322743810385,-126.02164510762593,261.15,8.2
cape town,0,za,1522630800,77,-70.45459832373007,-6.376881463386923,292.15,4.1
lopandino,80,ru,1522636345,91,52.30203846681269,34.952282048302436,275.927,7.65
ucluelet,20,ca,1522630800,70,47.56170013227819,-127.9204237647934,279.15,10.3
sawakin,0,sd,1522636346,100,20.220619392282757,37.44353321080837,293.827,2.3
upernavik,68,gl,1522635414,80,88.95569225506262,-53.03717700483864,266.477,4.4
kalengwa,12,zm,1522636346,90,-12.799903865709112,25.110752877737298,291.202,3.85
lebu,0,cl,1522635409,93,-39.24801010541645,-85.51334724158855,287.727,7.45
cape town,0,za,1522630800,77,-56.50423405194305,-8.154249832700543,292.15,4.1
butaritari,8,ki,1522635409,98,18.34834505114179,171.9863499171766,301.927,5.45
kingston,1,us,1522635300,30,42.046091307347524,-74.3468274423168,280.15,2.1
copiapo,0,cl,1522634400,82,-27.00372728162465,-73.0395881432596,287.15,0.85
riyadh,75,sa,1522634400,32,21.80784054683008,47.294584508399964,293.15,1.5
new norfolk,0,au,1522634400,34,-70.60961801061754,127.7896497294056,292.15,6.2
rikitea,0,pf,1522635430,100,-64.53436850067035,-139.87071664039894,299.477,3.0
atuona,32,pf,1522635420,100,-4.122853300746343,-118.08816075078883,300.827,6.05
nueva loja,20,ec,1522636356,95,0.19090422482068448,-76.90559505331373,295.827,0.85
dhari,0,in,1522636356,64,21.14998889497491,71.1216614982142,296.852,2.6
nikolskoye,90,ru,1522632600,90,41.54004954202327,172.47765481601868,273.15,7.0
mar del plata,0,ar,1522635414,72,-57.311551506813494,-44.42248531153069,285.652,3.0
jamestown,36,sh,1522635415,100,-25.559009590002987,-12.74380132127996,296.802,7.0
esperance,0,au,1522635423,69,-28.41548723377091,123.74175016709944,294.677,3.1
flinders,44,au,1522630800,69,-32.5381375994417,132.58417861417462,296.15,3.6
punta arenas,90,cl,1522630800,87,-63.60563760398879,-110.13765026027693,283.15,3.1
hermanus,0,za,1522635402,91,-73.90479056243676,1.6474071367574936,285.052,0.8
hasaki,0,jp,1522632600,60,27.059281167177787,158.48685587712515,294.15,2.6
makinsk,76,kz,1522636358,90,51.71803381893267,69.69560688558283,266.552,5.9
yulara,0,au,1522634400,14,-29.045564345678883,127.0137794743111,307.15,7.2
port blair,20,in,1522636145,100,9.920103569630527,89.2971296204015,301.352,4.45
harper,92,lr,1522636350,100,-2.0019957774663055,-10.632740443537756,300.652,4.55
fairbanks,75,us,1522634280,40,66.8665183810009,-145.41451184169665,274.15,3.6
bluff,48,nz,1522635443,83,-81.59481909453842,176.13834570535516,290.602,7.05
busselton,0,au,1522635310,95,-85.52870566550222,78.84279331847506,294.027,6.5
nkayi,92,cg,1522636351,96,-4.247659514276123,12.996333266820471,297.477,1.05
cascavel,40,br,1522630800,94,-25.307660455110167,-53.47872599311685,293.15,1.15
cape town,0,za,1522630800,77,-54.45322186603101,6.4713461860037285,292.15,4.1
atuona,32,pf,1522635420,100,-13.853434721268286,-131.59306356874254,300.827,6.05
komsomolskiy,24,ru,1522636360,39,75.2190778133594,173.79990342343035,248.602,1.4
tagusao,8,ph,1522636352,69,12.582532195923477,114.41892574900083,302.977,0.7
makakilo city,20,us,1522634820,65,13.82861538966327,-162.10216997081127,300.15,3.1
rikitea,0,pf,1522635430,100,-28.175958263478755,-128.3000773769298,299.477,3.0
podgornoye,36,ru,1522636352,75,58.03775284941176,82.24339415147267,265.027,3.1
rikitea,0,pf,1522635430,100,-86.8891219457745,-126.69881480302402,299.477,3.0
torbay,90,ca,1522634400,64,38.04690683126114,-44.89806009679711,274.15,8.2
kapaa,40,us,1522630560,83,13.143042402212913,-174.03120014429484,299.15,3.6
winfield,90,us,1522635300,86,37.389721304938234,-97.08912514033157,274.15,4.1
luderitz,44,na,1522634400,93,-29.949126406976745,12.128831119320608,288.15,3.1
saskylakh,80,ru,1522636354,83,83.3965920872852,109.4888616616214,260.552,3.0
georgetown,12,sh,1522635447,100,-10.386923074933009,-13.46705805434246,299.677,5.25
hermanus,0,za,1522635402,91,-78.42978066273338,-5.677695918167586,285.052,0.8
kodiak,1,us,1522630380,92,57.177223158079954,-152.8115895889613,267.15,2.6
lompoc,20,us,1522634280,87,30.238899183517944,-128.42991332234735,287.15,4.6
cabo san lucas,20,mx,1522630020,21,21.93169947270694,-111.74627474495928,302.15,4.6
katsuura,20,jp,1522630800,63,21.578269321902653,155.57215677984067,292.15,1.5
atuona,32,pf,1522635420,100,-11.803654168311539,-133.67520663309315,300.827,6.05
kilgore,20,us,1522634100,82,32.48066478208793,-94.98696971085015,295.15,2.1
ilebo,36,cd,1522636355,98,-4.8901020358455725,20.341028058577933,296.827,0.9
livingstonia,88,mw,1522636356,100,-10.704759122969946,34.28377757500209,293.077,0.95
atuona,32,pf,1522635420,100,-1.279434615880234,-130.16784774147945,300.827,6.05
cherskiy,0,ru,1522635643,74,75.19997872624577,163.96839256490165,272.527,3.55
bluff,48,nz,1522635443,83,-68.26574564048803,165.3653812350612,290.602,7.05
tuktoyaktuk,90,ca,1522634400,78,88.11171793155495,-117.54515417518229,261.15,8.2
saldanha,88,za,1522630800,88,-33.966242172418795,16.729554599435744,290.15,3.1
avarua,75,ck,1522634400,78,-74.4643565575268,-167.3037490431441,301.15,3.6
half moon bay,1,us,1522634400,76,33.28508919953319,-130.07283645850976,294.15,5.7
katsuura,20,jp,1522630800,63,22.248626324897188,148.64873929170966,292.15,1.5
sao filipe,0,cv,1522635400,97,8.07693410006317,-33.404160791562674,294.402,7.15
algiers,40,dz,1522634400,36,37.17204600529065,2.434397889394944,289.15,2.6
tiksi,64,ru,1522635502,83,80.74659110774007,125.52653911255891,263.402,1.8
impfondo,56,cg,1522636323,100,1.093941370631896,18.885318920396458,294.477,1.85
georgetown,12,sh,1522635447,100,-7.883069829240597,-21.454815888629355,299.677,5.25
banjarmasin,24,id,1522636367,73,-3.4367233932853622,114.58484037585606,304.402,4.15
hirara,20,jp,1522630800,64,24.357983112845787,127.01299528016881,298.15,2.1
punta arenas,90,cl,1522630800,87,-88.3599972056126,-111.28676119802533,283.15,3.1
aklavik,90,ca,1522634400,72,70.67789572371683,-138.24839313131412,262.15,5.1
lourdes,75,co,1522634400,100,7.994867806429909,-72.74821549137332,296.15,1.0
san patricio,5,mx,1522633560,83,15.540357094888947,-108.68577778244348,298.15,5.1
acapulco,5,mx,1522633500,88,3.6777329355231387,-104.66152258859344,299.15,4.6
hermanus,0,za,1522635402,91,-72.55027444855202,11.37363459326582,285.052,0.8
san patricio,5,mx,1522633560,83,6.27282419411911,-116.60513037669864,298.15,5.1
bathsheba,20,bb,1522634400,78,19.68845534798247,-45.79504975716088,298.15,5.1
nantucket,1,us,1522635300,65,41.20444570220786,-68.79077638237868,280.15,4.1
bluff,48,nz,1522635443,83,-86.77526200257404,158.24275398280548,290.602,7.05
marystown,92,ca,1522636126,93,44.96692083114215,-54.43151501639177,276.677,11.85
hukuntsi,12,bw,1522636361,90,-24.245274468711244,21.167990407675177,289.477,4.65
rikitea,0,pf,1522635430,100,-33.314825145289376,-118.84425898337523,299.477,3.0
kurilsk,0,ru,1522636308,89,44.19454943627437,147.72928014331615,274.702,3.8
castro,0,cl,1522635456,97,-43.69453392935055,-93.95276806619916,280.852,1.75
tiksi,64,ru,1522635502,83,77.18065906521971,128.37386691702636,263.402,1.8
hilo,75,us,1522630380,65,24.289809768798264,-149.04709483705858,300.15,6.7
east london,24,za,1522635465,99,-51.048707956434946,41.12474865267092,297.352,10.6
luoyang,0,cn,1522636370,54,34.45520440094883,112.5456343090056,298.277,1.85
tiksi,64,ru,1522635502,83,86.68693906714623,130.9175039894775,263.402,1.8
cape town,0,za,1522630800,77,-82.78579518621333,-12.397015513812562,292.15,4.1
ushuaia,75,ar,1522630800,87,-62.0735148175707,-59.772548445966535,280.15,5.7
shalinskoye,56,ru,1522636363,70,55.54733123273866,93.98517677238522,267.777,4.7
ponta do sol,0,cv,1522636371,100,16.412124275603432,-33.06957491687021,293.552,5.85
butaritari,8,ki,1522635409,98,28.966574021278447,176.35439616763125,301.927,5.45
bluff,48,nz,1522635443,83,-69.05948009924481,172.92650662331874,290.602,7.05
kawalu,24,id,1522636364,79,-16.97165616245414,106.37365947160777,298.902,1.05
santa fe,40,cu,1522634100,78,21.46527379821137,-82.15956442135581,296.15,3.1
leningradskiy,0,ru,1522636364,92,79.57341491831926,176.9841111080113,269.677,3.1
esperance,0,au,1522635423,69,-40.15363126958131,126.6057103432475,294.677,3.1
suba,20,ph,1522630800,74,9.43959714190433,120.8765154575363,302.15,3.1
vanimo,80,pg,1522636296,100,-4.277165647247827,140.22644430921605,299.227,4.1
hasaki,0,jp,1522632600,60,31.683924553238796,149.03823002379454,294.15,2.6
hilo,75,us,1522630380,65,20.520254546000757,-144.6540826119106,300.15,6.7
cape town,0,za,1522630800,77,-75.7307729921178,-10.150593117240476,292.15,4.1
kapaa,40,us,1522630560,83,35.58016201432751,-153.5611424734816,299.15,3.6
saint-philippe,0,re,1522632600,65,-41.02002122103106,60.66309303313844,298.15,3.1
lima,0,pe,1522636359,88,-18.999320524058675,-89.33167077807227,286.852,0.75
hilo,75,us,1522630380,65,8.02803744580919,-156.29516446884884,300.15,6.7
neuquen,0,ar,1522634400,82,-41.60165606524143,-68.61172748542806,288.15,1.25
qaanaaq,76,gl,1522635482,85,86.22806797751548,-76.62496515059495,260.177,0.75
punta arenas,90,cl,1522630800,87,-88.2650582221137,-96.54944132366771,283.15,3.1
port lincoln,56,au,1522635543,86,-47.33368389581821,131.1851002086267,291.902,4.25
fortuna,1,us,1522634100,81,37.03937707344278,-143.4390824832036,285.15,5.1
husavik,90,is,1522634400,92,67.78175183397039,-16.36162434178462,271.15,2.6
hilo,75,us,1522630380,65,13.539388272906237,-152.604371862108,300.15,6.7
vaini,90,to,1522634400,94,-37.43287092858975,-171.6647865854623,299.15,2.6
hermanus,0,za,1522635402,91,-83.82857657279652,-6.480255211105856,285.052,0.8
aykhal,32,ru,1522636095,59,64.76850915759724,111.99046821892358,255.802,4.7
tiksi,64,ru,1522635502,83,76.38863604514086,129.98467449933145,263.402,1.8
ushuaia,75,ar,1522630800,87,-82.50040140131428,-66.53412075939711,280.15,5.7
homagama,56,lk,1522636368,95,6.903080904865391,80.15696326689084,301.927,0.15
bluff,48,nz,1522635443,83,-63.6901165075551,158.66405569803237,290.602,7.05
kamakwie,0,sl,1522636368,95,9.383620897686498,-12.312840621228105,294.527,0.75
saint george,75,bm,1522634100,88,31.681076426476807,-54.86704051501532,293.15,1.0
puerto ayora,36,ec,1522635402,97,1.2994702396075724,-105.69955559935117,298.327,3.4
puerto ayora,36,ec,1522635402,97,-17.231407961282216,-98.00256593247683,298.327,3.4
rikitea,0,pf,1522635430,100,-40.000880216823106,-137.6344969907965,299.477,3.0
busselton,0,au,1522635310,95,-81.38521952745907,79.8290355560128,294.027,6.5
ushuaia,75,ar,1522630800,87,-80.79186816236911,-38.100499444324726,280.15,5.7
torbay,90,ca,1522634400,64,47.895147448757854,-44.706383233195766,274.15,8.2
lebu,0,cl,1522635409,93,-37.30415432351601,-81.05704546529886,287.727,7.45
manggar,32,id,1522636378,91,-3.054349865791437,107.09115088344464,303.077,3.15
cape town,0,za,1522630800,77,-73.33292934062158,-9.392771589129524,292.15,4.1
rikitea,0,pf,1522635430,100,-24.247390703984564,-117.21234336008845,299.477,3.0
ponta do sol,0,cv,1522636371,100,19.965249313501857,-41.12930732766844,293.552,5.85
rikitea,0,pf,1522635430,100,-37.98357988729925,-115.08489139467285,299.477,3.0
hobart,0,au,1522634400,34,-46.2845588335867,156.62068300650014,292.15,6.2
sovetskiy,64,ru,1522636379,86,73.3033956620703,67.37473358477561,268.027,3.75
thunder bay,90,ca,1522634400,46,48.138182182823385,-89.94478359685296,271.15,5.7
kutum,0,sd,1522636380,18,14.161656336860148,25.1919874982041,287.452,4.35
tuktoyaktuk,90,ca,1522634400,78,82.09960764735803,-138.11142399322713,261.15,8.2
busselton,0,au,1522635310,95,-60.76343035030694,80.74379117382489,294.027,6.5
jauja,92,pe,1522636127,100,-12.106391358948727,-75.70240049141381,276.827,1.25
hobart,0,au,1522634400,34,-53.162409436843205,156.05071090079838,292.15,6.2
mar del plata,0,ar,1522635414,72,-60.78425057657294,-30.696181458692337,285.652,3.0
bluff,48,nz,1522635443,83,-80.64984184033833,156.53211084001907,290.602,7.05
georgetown,12,sh,1522635447,100,-9.310821507864972,-12.581343384885486,299.677,5.25
san carlos de bariloche,0,ar,1522634400,50,-39.76310005681336,-69.90910828507806,284.15,2.6
aconibe,80,gq,1522636373,99,1.1975740032615363,10.914781792280195,293.702,0.9
hermanus,0,za,1522635402,91,-81.80366931464293,9.70315194155728,285.052,0.8
lerwick,0,gb,1522635600,86,61.00896179751507,1.3834707621562075,272.15,2.6
north bend,90,us,1522635420,93,44.149529924411866,-127.307732518529,282.15,3.1
new norfolk,0,au,1522634400,34,-63.53135027613152,135.81677331947242,292.15,6.2
naryan-mar,24,ru,1522636175,61,68.07299432681441,51.66139224135043,254.052,1.55
severo-kurilsk,64,ru,1522635415,100,48.969216810617695,153.20771802986553,271.577,2.5
ushuaia,75,ar,1522630800,87,-60.671295633704624,-43.78472536724121,280.15,5.7
vao,92,nc,1522636375,98,-28.01071873098104,168.90479043327298,299.277,8.2
yellowknife,20,ca,1522634400,50,65.98682773978135,-118.53798191531392,260.15,3.1
bredasdorp,68,za,1522630800,87,-65.28006708229603,22.160219096554187,289.15,1.5
punta arenas,90,cl,1522630800,87,-82.23975609886703,-107.66733543506727,283.15,3.1
hachinohe,32,jp,1522636376,89,40.43832505373675,141.41971036776567,282.527,1.6
kieta,44,pg,1522636376,91,-0.34751241171348113,160.0097009212745,302.202,4.75
amuntai,68,id,1522636376,90,-1.8914688859874218,114.40129621643706,301.577,1.15
cayenne,100,gf,1522632600,100,13.246295078423884,-43.627835801152656,297.15,2.65
kapaa,40,us,1522630560,83,34.135648252152535,-171.20597290724655,299.15,3.6
severo-kurilsk,64,ru,1522635415,100,47.382039622326175,153.70554837278326,271.577,2.5
hobart,0,au,1522634400,34,-81.27483970734512,133.70478747890274,292.15,6.2
san luis,68,ar,1522636349,81,-32.95606598551521,-65.85639476405935,291.477,4.55
nemuro,75,jp,1522634400,80,37.864709363283566,148.00123417381803,277.15,4.6
rikitea,0,pf,1522635430,100,-18.039495569076763,-112.62088016736585,299.477,3.0
pointe michel,100,dm,1522636378,97,14.765566994411643,-62.106220906156835,298.902,6.6
ko samui,20,th,1522632600,79,9.92593649275571,99.74289950543186,302.15,2.1
beringovskiy,0,ru,1522636337,95,49.65214898825616,178.965472331039,273.302,4.2
miyako,20,jp,1522634400,77,40.09234227556365,142.84112057249263,296.15,2.1
ribeira grande,92,pt,1522635427,98,31.60438482930759,-36.98019994835232,290.077,7.4
ribas do rio pardo,76,br,1522636380,95,-21.063213515905076,-53.57173784505338,293.052,0.95
butaritari,8,ki,1522635409,98,15.702116125646512,171.60075375107255,301.927,5.45
albany,0,au,1522635418,74,-54.28162945795874,123.1177972131585,293.477,5.05
mar del plata,0,ar,1522635414,72,-70.7955681170937,-23.28775557336499,285.652,3.0
bredasdorp,68,za,1522630800,87,-86.8416207841493,17.070705548944176,289.15,1.5
oktyabrskiy,90,ru,1522634400,93,60.90989400528886,43.09987711216755,275.15,7.0
rikitea,0,pf,1522635430,100,-57.44528434439828,-126.55419092610524,299.477,3.0
verkhoyansk,8,ru,1522636381,73,66.60868542832702,133.31448447005067,268.477,2.1
kodiak,1,us,1522630380,92,51.50761091228449,-154.36783043464942,267.15,2.6
wadi maliz,12,tn,1522634400,93,36.46953611553661,7.795500071214946,280.15,1.05
new norfolk,0,au,1522634400,34,-82.10344582458745,122.54234868997281,292.15,6.2
atuona,32,pf,1522635420,100,-9.182039203136796,-134.43889484010478,300.827,6.05
busselton,0,au,1522635310,95,-71.31032852588248,88.2088433766055,294.027,6.5
puerto ayora,36,ec,1522635402,97,-12.851505519832088,-110.43445488773341,298.327,3.4
punta arenas,90,cl,1522630800,87,-89.92155226345764,-121.54441124200127,283.15,3.1
kruisfontein,12,za,1522636339,91,-55.47208081944513,24.850838148684346,291.227,2.2
ushuaia,75,ar,1522630800,87,-77.46172438304981,-21.7105052713826,280.15,5.7
bluff,48,nz,1522635443,83,-80.7339789604586,166.13654498031025,290.602,7.05
vaini,90,to,1522634400,94,-78.46311523160816,-167.90460306190906,299.15,2.6
hermanus,0,za,1522635402,91,-50.175244282943424,13.518334337388211,285.052,0.8
port alfred,44,za,1522635408,89,-69.16891019235106,42.74150225700615,295.327,6.4
bluff,48,nz,1522635443,83,-80.01370678377978,159.6419826367814,290.602,7.05
nikolskoye,90,ru,1522632600,90,42.801630264341355,178.15803340636177,273.15,7.0
arraial do cabo,48,br,1522635569,84,-31.142925990416742,-32.78285578259627,298.652,8.95
dikson,48,ru,1522636383,82,83.76341865829275,78.56933657379494,258.677,5.2
orbetello,0,it,1522634100,86,41.759765292860834,10.848970408447116,277.15,1.5
vanderhoof,36,ca,1522636384,45,53.034505169975176,-124.32119126818623,268.402,2.8
aklavik,90,ca,1522634400,72,75.66255922131822,-142.59407143301158,262.15,5.1
presidencia roque saenz pena,8,ar,1522636384,92,-25.24695739639806,-60.610180840823986,293.302,2.05
lubbock,75,us,1522634100,56,33.72278240115293,-101.20633684208721,280.15,7.7
kijang,0,id,1522636385,79,-0.34992521631154716,105.59970967588578,303.202,5.15
new norfolk,0,au,1522634400,34,-60.509987742061504,137.60634018090462,292.15,6.2
gubkinskiy,68,ru,1522636386,85,63.59689726481244,76.71692297419884,261.527,3.3
port alfred,44,za,1522635408,89,-83.47995376931169,53.375537169015445,295.327,6.4
atuona,32,pf,1522635420,100,-5.50328865944897,-129.9313987162244,300.827,6.05
liverpool,36,ca,1522636386,83,39.428663935277655,-61.83156650171493,278.302,6.1
bindura,0,zw,1522636386,88,-17.599304269190313,31.53466956239305,283.277,1.0
avarua,75,ck,1522634400,78,-58.50003422998678,-166.77197091503396,301.15,3.6
tasiilaq,76,gl,1522630200,62,61.1134017919579,-37.36092376035995,268.15,7.2
manzanillo,5,mx,1522633560,83,15.023637989479738,-106.2157134847573,298.15,5.1
skjervoy,32,no,1522636395,100,70.9138073256949,20.581485923220043,270.477,5.45
longkou,0,cn,1522636388,52,38.230870559101646,120.30686765701859,290.977,6.15
simao,0,cn,1522636388,57,23.430896241546748,100.91409319011404,297.952,1.25
ilulissat,0,gl,1522630200,50,85.69381207075105,-42.34236041657428,272.15,8.2
cape town,0,za,1522630800,77,-71.65786636606902,-8.725110252183185,292.15,4.1
biloxi,1,us,1522635780,93,29.338217936670063,-88.82615646946509,292.15,2.2
arraial do cabo,48,br,1522635569,84,-39.86551964426511,-29.56023427817999,298.652,8.95
busselton,0,au,1522635310,95,-55.53894804580867,96.79651520743693,294.027,6.5
hermanus,0,za,1522635402,91,-41.29413732094162,16.844822799487247,285.052,0.8
tuktoyaktuk,90,ca,1522634400,78,80.35891461001424,-121.8873941855326,261.15,8.2
orlik,36,ru,1522636389,47,51.408741807728745,100.42496167321474,256.477,1.4
bilibino,8,ru,1522636318,71,72.0217493814637,166.03439511926706,275.402,2.5
san andres,92,co,1522636390,100,13.66197467863877,-82.05862438537329,297.777,4.0
acapulco,5,mx,1522633500,88,6.442252527483959,-104.36387250770485,299.15,4.6
puerto ayora,36,ec,1522635402,97,-12.486049319291709,-102.54559050249331,298.327,3.4
albany,0,au,1522635418,74,-87.64879950819567,102.90526983845797,293.477,5.05
hobart,0,au,1522634400,34,-60.539977434390224,142.2197439930594,292.15,6.2
kapaa,40,us,1522630560,83,40.00076552592225,-160.0367312149296,299.15,3.6
dikson,48,ru,1522636383,82,71.81607637980937,78.15215556242867,258.677,5.2
torbay,90,ca,1522634400,64,41.36539364911019,-46.838572804993646,274.15,8.2
hermanus,0,za,1522635402,91,-84.78300904375492,0.33967560619876735,285.052,0.8
aboyne,40,gb,1522635600,76,57.11631311629296,-2.7925156847888104,273.15,1.0
new norfolk,0,au,1522634400,34,-65.27466589147978,135.1657936371917,292.15,6.2
talnakh,48,ru,1522636392,80,75.92583128120484,90.98913775684224,250.502,6.7
yar-sale,0,ru,1522635425,76,69.16702938610547,69.23842254072062,248.927,4.35
kodiak,1,us,1522630380,92,43.39284795741642,-159.3010234106333,267.15,2.6
ahipara,0,nz,1522636219,68,-35.806127009015725,168.9922986953148,295.202,3.3
channarayapatna,20,in,1522634400,100,12.939671640516224,76.44211480627501,296.15,2.6
la reforma,75,mx,1522633200,38,24.104880501870426,-108.84911096253857,298.15,1.1
mayor pablo lagerenza,64,py,1522636393,90,-19.092284663483525,-60.92881204333332,296.527,1.15
singaraja,56,id,1522636393,83,-7.575938783284371,115.51940958637442,300.902,0.95
nikolskoye,90,ru,1522632600,90,34.985471378037204,170.33365349336322,273.15,7.0
vung tau,40,vn,1522632600,74,9.16487949629601,108.15747943982058,301.15,2.6
kodiak,1,us,1522630380,92,54.339779509957566,-156.0764614007083,267.15,2.6
cayenne,100,gf,1522632600,100,13.668642466985432,-42.10318433789564,297.15,2.65
vaini,90,to,1522634400,94,-29.8677128400672,-177.54860670360588,299.15,2.6
busselton,0,au,1522635310,95,-79.94346775111562,77.34957282890878,294.027,6.5
santa helena de goias,68,br,1522636395,88,-18.08545257618171,-50.60456769766043,294.852,3.5
korla,92,cn,1522636349,89,40.30070622125831,88.67697628506352,279.802,3.35
manoel urbano,20,br,1522636403,97,-8.792031308761082,-69.53413394860539,296.577,0.95
